{
    "data": [
        {
            "id": "1",
            "jingdu": "104.06680",
            "weidu": "30.59806",
            "count": "1",
            "paths": [
                {
                    "time": "20181102",
                    "timepaths": [
                        {
                            "imageindex": "1",
                            "imagepath": "yiyou03482402112018.png"
                        }
                    ]
                }
            ]
        },
        {
            "id": "2",
            "jingdu": "104.0668",
            "weidu": "30.5981",
            "count": "4",
            "paths": [
                {
                    "time": "20181102",
                    "timepaths": [
                        {
                            "imageindex": "1",
                            "imagepath": "yiyou06362802112018.png"
                        },
                        {
                            "imageindex": "2",
                            "imagepath": "yiyou06363202112018.png"
                        },
                        {
                            "imageindex": "3",
                            "imagepath": "yiyou06363602112018.png"
                        },
                        {
                            "imageindex": "4",
                            "imagepath": "yiyou06364202112018.png"
                        }
                    ]
                }
            ]
        }
    ]
}